{"exact": 71.0182767624021, "f1": 75.65180907158553, "total": 11873, "HasAns_exact": 61.94331983805668, "HasAns_f1": 71.22367225150717, "HasAns_total": 5928, "NoAns_exact": 80.06728343145501, "NoAns_f1": 80.06728343145501, "NoAns_total": 5945}