{"exact": 58.2582329655521, "f1": 60.40718269975795, "total": 11873, "HasAns_exact": 28.98110661268556, "HasAns_f1": 33.28516872372254, "HasAns_total": 5928, "NoAns_exact": 87.45164003364171, "NoAns_f1": 87.45164003364171, "NoAns_total": 5945}