{"exact": 70.89193969510654, "f1": 75.21356550792537, "total": 11873, "HasAns_exact": 59.294871794871796, "HasAns_f1": 67.9505167468957, "HasAns_total": 5928, "NoAns_exact": 82.45584524810765, "NoAns_f1": 82.45584524810765, "NoAns_total": 5945}