{"exact": 61.231365282573904, "f1": 64.19894045485313, "total": 11873, "HasAns_exact": 37.93859649122807, "HasAns_f1": 43.882257088473466, "HasAns_total": 5928, "NoAns_exact": 84.45752733389403, "NoAns_f1": 84.45752733389403, "NoAns_total": 5945}