{"exact": 70.87509475280048, "f1": 75.19437370484708, "total": 11873, "HasAns_exact": 59.22739541160594, "HasAns_f1": 67.87833991188411, "HasAns_total": 5928, "NoAns_exact": 82.48948696383516, "NoAns_f1": 82.48948696383516, "NoAns_total": 5945}