{"exact": 49.48201802408827, "f1": 49.617844762560075, "total": 11873, "HasAns_exact": 1.4001349527665317, "HasAns_f1": 1.672177946335333, "HasAns_total": 5928, "NoAns_exact": 97.42640874684609, "NoAns_f1": 97.42640874684609, "NoAns_total": 5945}