{"exact": 49.91156405289312, "f1": 49.96419853636014, "total": 11873, "HasAns_exact": 1.197705802968961, "HasAns_f1": 1.3031257122476343, "HasAns_total": 5928, "NoAns_exact": 98.4861227922624, "NoAns_f1": 98.4861227922624, "NoAns_total": 5945}