{"exact": 52.55621999494652, "f1": 53.457624214698, "total": 11873, "HasAns_exact": 13.29284750337382, "HasAns_f1": 15.098240941482587, "HasAns_total": 5928, "NoAns_exact": 91.70731707317073, "NoAns_f1": 91.70731707317073, "NoAns_total": 5945}