{"exact": 63.328560599679946, "f1": 67.12801651653524, "total": 11873, "HasAns_exact": 47.908232118758434, "HasAns_f1": 55.51803982807378, "HasAns_total": 5928, "NoAns_exact": 78.70479394449117, "NoAns_f1": 78.70479394449117, "NoAns_total": 5945}