{"exact": 71.31306325275835, "f1": 75.87468181106058, "total": 11873, "HasAns_exact": 61.319163292847506, "HasAns_f1": 70.45548197414351, "HasAns_total": 5928, "NoAns_exact": 81.27838519764508, "NoAns_f1": 81.27838519764508, "NoAns_total": 5945}