{"exact": 72.45009685841826, "f1": 76.81715608632385, "total": 11873, "HasAns_exact": 64.74358974358974, "HasAns_f1": 73.4902318172948, "HasAns_total": 5928, "NoAns_exact": 80.13456686291, "NoAns_f1": 80.13456686291, "NoAns_total": 5945}