{"exact": 27.474100901204412, "f1": 28.303366515700315, "total": 11873, "HasAns_exact": 0.0, "HasAns_f1": 1.660909352380297, "HasAns_total": 5928, "NoAns_exact": 54.86963835155593, "NoAns_f1": 54.86963835155593, "NoAns_total": 5945}