{"exact": 70.74875768550493, "f1": 75.40771193173174, "total": 11873, "HasAns_exact": 67.0715249662618, "HasAns_f1": 76.40279415746473, "HasAns_total": 5928, "NoAns_exact": 74.41547518923466, "NoAns_f1": 74.41547518923466, "NoAns_total": 5945}