{"exact": 62.30944159016256, "f1": 65.75034906315364, "total": 11873, "HasAns_exact": 44.6693657219973, "HasAns_f1": 51.56104831761519, "HasAns_total": 5928, "NoAns_exact": 79.89907485281749, "NoAns_f1": 79.89907485281749, "NoAns_total": 5945}