{
    "exact": 71.20357112776888,
    "f1": 76.02168386012988,
    "total": 11873,
    "HasAns_exact": 66.02564102564102,
    "HasAns_f1": 75.6756836152705,
    "HasAns_total": 5928,
    "NoAns_exact": 76.36669470142978,
    "NoAns_f1": 76.36669470142978,
    "NoAns_total": 5945
}