{"exact": 64.44874926303378, "f1": 68.96224099744089, "total": 11873, "HasAns_exact": 57.18623481781376, "HasAns_f1": 66.22616183579851, "HasAns_total": 5928, "NoAns_exact": 71.69049621530698, "NoAns_f1": 71.69049621530698, "NoAns_total": 5945}