{"exact": 53.71852101406553, "f1": 54.962769062990276, "total": 11873, "HasAns_exact": 17.459514170040485, "HasAns_f1": 19.951578455614595, "HasAns_total": 5928, "NoAns_exact": 89.87384356602186, "NoAns_f1": 89.87384356602186, "NoAns_total": 5945}