{"exact": 62.42735618630506, "f1": 65.75761563163721, "total": 11873, "HasAns_exact": 41.649797570850204, "HasAns_f1": 48.31986680067944, "HasAns_total": 5928, "NoAns_exact": 83.14550042052144, "NoAns_f1": 83.14550042052144, "NoAns_total": 5945}