{"exact": 48.78295291838626, "f1": 49.30815495638262, "total": 11873, "HasAns_exact": 5.566801619433198, "HasAns_f1": 6.61871184162125, "HasAns_total": 5928, "NoAns_exact": 91.87552565180825, "NoAns_f1": 91.87552565180825, "NoAns_total": 5945}