{"exact": 49.06931693758949, "f1": 49.55984380852004, "total": 11873, "HasAns_exact": 4.520917678812416, "HasAns_f1": 5.503378127287179, "HasAns_total": 5928, "NoAns_exact": 93.49032800672835, "NoAns_f1": 93.49032800672835, "NoAns_total": 5945}