{"exact": 71.66680704118589, "f1": 76.0753534356519, "total": 11873, "HasAns_exact": 63.59649122807018, "HasAns_f1": 72.4262266095642, "HasAns_total": 5928, "NoAns_exact": 79.71404541631624, "NoAns_f1": 79.71404541631624, "NoAns_total": 5945}