{"exact": 71.96159353154215, "f1": 76.68467913832417, "total": 11873, "HasAns_exact": 64.6255060728745, "HasAns_f1": 74.08522189765924, "HasAns_total": 5928, "NoAns_exact": 79.27670311185871, "NoAns_f1": 79.27670311185871, "NoAns_total": 5945}