{"exact": 65.4762907437042, "f1": 69.60262018595452, "total": 11873, "HasAns_exact": 54.571524966261805, "HasAns_f1": 62.83601711670652, "HasAns_total": 5928, "NoAns_exact": 76.34987384356602, "NoAns_f1": 76.34987384356602, "NoAns_total": 5945}