{"exact": 71.58258232965552, "f1": 76.25408424942185, "total": 11873, "HasAns_exact": 64.94601889338732, "HasAns_f1": 74.30241941521365, "HasAns_total": 5928, "NoAns_exact": 78.20016820857863, "NoAns_f1": 78.20016820857863, "NoAns_total": 5945}