{"exact": 65.37522108986776, "f1": 69.57174877766086, "total": 11873, "HasAns_exact": 55.38124156545209, "HasAns_f1": 63.78633151774042, "HasAns_total": 5928, "NoAns_exact": 75.34062237174096, "NoAns_f1": 75.34062237174096, "NoAns_total": 5945}