{"exact": 71.83525646424661, "f1": 76.12060796136316, "total": 11873, "HasAns_exact": 62.58434547908232, "HasAns_f1": 71.16733777416762, "HasAns_total": 5928, "NoAns_exact": 81.05971404541631, "NoAns_f1": 81.05971404541631, "NoAns_total": 5945}