{"exact": 62.66318537859008, "f1": 65.96747286240529, "total": 11873, "HasAns_exact": 42.94871794871795, "HasAns_f1": 49.566768774517165, "HasAns_total": 5928, "NoAns_exact": 82.32127838519764, "NoAns_f1": 82.32127838519764, "NoAns_total": 5945}