{"exact": 59.39526657121199, "f1": 62.03870114216367, "total": 11873, "HasAns_exact": 34.733468286099864, "HasAns_f1": 40.027918127683826, "HasAns_total": 5928, "NoAns_exact": 83.98654331370899, "NoAns_f1": 83.98654331370899, "NoAns_total": 5945}