{"exact": 59.959572138465425, "f1": 62.82337565001659, "total": 11873, "HasAns_exact": 37.5, "HasAns_f1": 43.2358196849945, "HasAns_total": 5928, "NoAns_exact": 82.35492010092514, "NoAns_f1": 82.35492010092514, "NoAns_total": 5945}