{"exact": 72.21426766613324, "f1": 76.68198976710545, "total": 11873, "HasAns_exact": 64.60863697705803, "HasAns_f1": 73.55689347247707, "HasAns_total": 5928, "NoAns_exact": 79.79814970563498, "NoAns_f1": 79.79814970563498, "NoAns_total": 5945}