{"exact": 61.74513602290912, "f1": 64.6450147737408, "total": 11873, "HasAns_exact": 39.068825910931174, "HasAns_f1": 44.87689952912008, "HasAns_total": 5928, "NoAns_exact": 84.35660218671153, "NoAns_f1": 84.35660218671153, "NoAns_total": 5945}