{"exact": 71.692074454645, "f1": 76.48142296924944, "total": 11873, "HasAns_exact": 64.45681511470985, "HasAns_f1": 74.04924678034739, "HasAns_total": 5928, "NoAns_exact": 78.90664423885619, "NoAns_f1": 78.90664423885619, "NoAns_total": 5945}