{"exact": 49.83576181251579, "f1": 50.15702106648744, "total": 11873, "HasAns_exact": 4.402834008097166, "HasAns_f1": 5.046273806073778, "HasAns_total": 5928, "NoAns_exact": 95.13877207737595, "NoAns_f1": 95.13877207737595, "NoAns_total": 5945}