{"exact": 62.4357786574581, "f1": 65.88886995524274, "total": 11873, "HasAns_exact": 43.60661268556005, "HasAns_f1": 50.522697870883334, "HasAns_total": 5928, "NoAns_exact": 81.21110176619007, "NoAns_f1": 81.21110176619007, "NoAns_total": 5945}