{"exact": 53.929082792891435, "f1": 55.391198069073255, "total": 11873, "HasAns_exact": 19.450067476383264, "HasAns_f1": 22.378491004403873, "HasAns_total": 5928, "NoAns_exact": 88.30950378469302, "NoAns_f1": 88.30950378469302, "NoAns_total": 5945}