{"exact": 71.35517560852354, "f1": 75.85652111918753, "total": 11873, "HasAns_exact": 64.00134952766531, "HasAns_f1": 73.01694926587638, "HasAns_total": 5928, "NoAns_exact": 78.68797308662742, "NoAns_f1": 78.68797308662742, "NoAns_total": 5945}