{"0": [-1.0300722122192383, -1.10164213180542, -1.103413701057434, -1.1877542734146118, -1.0871390104293823, -1.2416551113128662, -1.2636017799377441, -1.130884051322937, -1.1876499652862549, -1.2245216369628906, -1.1188268661499023, -0.38639965653419495, -0.35378968715667725, 0.1850646585226059, 0.672641932964325, 0.9480972290039062, 0.79293292760849, 1.684606909751892, 1.6709656715393066, 1.3982126712799072, 1.1825135946273804, 0.3170264959335327, -0.020968494936823845, -0.12529674172401428, -0.549278199672699], "20": [-0.4461081027984619, -0.6100832223892212, -0.5849199891090393, -0.5540781617164612, -0.4550073742866516, -0.5509598851203918, -0.5818753838539124, -0.5686780214309692, -0.5419459342956543, -0.4920588433742523, -0.5878084897994995, -0.5541582703590393, -0.5672537088394165, -0.524895966053009, -0.5517261624336243, -0.5722389817237854, -0.48420247435569763, -0.6795527935028076, -0.3522542417049408, -0.07392025738954544, 0.140545055270195, 0.4497273564338684, 0.35119718313217163, 0.6183189153671265, 1.1073963642120361], "40": [-0.5541213154792786, -0.6749323010444641, -0.6867142915725708, -0.7287708520889282, -0.6707297563552856, -0.7234658598899841, -0.8536747694015503, -0.8095074892044067, -0.8127108812332153, -0.8359414339065552, -0.7231749296188354, -0.7305562496185303, -0.6201804876327515, -0.5972439646720886, -0.5659338235855103, -0.6258337497711182, -0.6504246592521667, -0.7485867738723755, -0.612904965877533, -0.20466308295726776, 0.20413900911808014, 0.39739298820495605, 0.6252381205558777, 0.8573030233383179, 1.1597204208374023], "60": [-0.5851390361785889, -0.9091709852218628, -0.8265204429626465, -0.8738040328025818, -0.8230006694793701, -0.9184412360191345, -1.000093698501587, -0.8576755523681641, -0.8855425119400024, -0.8964942097663879, -0.8645913600921631, -0.8389362096786499, -0.6827710866928101, -0.745924174785614, -0.7200224995613098, -0.7946588397026062, -0.8964402079582214, -0.984767496585846, -0.6879194974899292, -0.28336024284362793, -0.04267256706953049, 0.33981868624687195, 0.7537089586257935, 1.120230793952942, 1.6665880680084229], "80": [-0.9456314444541931, -1.0478121042251587, -1.2104599475860596, -1.2075453996658325, -1.031421184539795, -1.0923269987106323, -1.2741564512252808, -1.0671545267105103, -1.27362060546875, -1.236217975616455, -1.0444362163543701, -0.9386148452758789, -0.9033413529396057, -0.7764958739280701, -0.8033211827278137, -0.8749825358390808, -0.8967859745025635, -0.9648699760437012, -0.9464080929756165, -0.9035606980323792, -0.592642605304718, -0.16962945461273193, 0.44154125452041626, 0.8813093900680542, 2.0748236179351807], "1": [-0.9234557747840881, -1.1578636169433594, -1.1638456583023071, -1.1462748050689697, -1.0800492763519287, -1.1886208057403564, -1.2443065643310547, -1.2031008005142212, -1.175255298614502, -1.0855493545532227, -0.9846654534339905, -0.9153114557266235, -0.7900750637054443, -0.5941738486289978, -0.7182539701461792, -0.8355004787445068, -0.8745389580726624, -0.9308702349662781, -0.8830348253250122, -0.5427570343017578, -0.2978352904319763, 0.18404620885849, 0.5236477851867676, 1.056945562362671, 2.3596701622009277], "2": [-0.5588214993476868, -0.6344396471977234, -0.713032066822052, -0.7069222331047058, -0.6615651845932007, -0.6997773051261902, -0.7639095783233643, -0.812829315662384, -0.6617237329483032, -0.5858191251754761, -0.6174291372299194, -0.6677876710891724, -0.6182559132575989, -0.6498600840568542, -0.6357799172401428, -0.659432590007782, -0.7648364305496216, -0.8203818202018738, -0.735268235206604, -0.3436998128890991, 0.01514656376093626, 0.3484034240245819, 0.6512243151664734, 0.8425678014755249, 1.3456803560256958], "3": [-0.506742000579834, -0.5268145799636841, -0.6303426623344421, -0.6233473420143127, -0.6441449522972107, -0.6799837350845337, -0.6582182049751282, -0.6517605781555176, -0.6587710976600647, -0.6494336128234863, -0.706304132938385, -0.6723679900169373, -0.6937829256057739, -0.5777730941772461, -0.7611131072044373, -0.8453495502471924, -0.5923136472702026, -0.8086944818496704, -0.7533233165740967, -0.38668984174728394, -0.02627268061041832, 0.32508766651153564, 0.7017984986305237, 0.9010043740272522, 1.297627329826355], "4": [-0.4547034800052643, -0.659982442855835, -0.6265096664428711, -0.6165536642074585, -0.6167525053024292, -0.6060789823532104, -0.6473457217216492, -0.6425535678863525, -0.6828317046165466, -0.5793907642364502, -0.6327614188194275, -0.6429505348205566, -0.6836521029472351, -0.7026660442352295, -0.7103561162948608, -0.7249084115028381, -0.7815244793891907, -0.7827631235122681, -0.9161850214004517, -0.5550388693809509, -0.0554029606282711, 0.2726198732852936, 0.7211148142814636, 0.8572669625282288, 1.280725121498108]}