{"exact": 71.47309020466605, "f1": 76.00263903808863, "total": 11873, "HasAns_exact": 61.69028340080972, "HasAns_f1": 70.76237066451193, "HasAns_total": 5928, "NoAns_exact": 81.22792262405383, "NoAns_f1": 81.22792262405383, "NoAns_total": 5945}