{"exact": 63.34540554198602, "f1": 67.43876382926669, "total": 11873, "HasAns_exact": 49.89878542510122, "HasAns_f1": 58.09724071269947, "HasAns_total": 5928, "NoAns_exact": 76.75357443229605, "NoAns_f1": 76.75357443229605, "NoAns_total": 5945}