{"exact": 70.8582498104944, "f1": 75.70883545361303, "total": 11873, "HasAns_exact": 62.48313090418353, "HasAns_f1": 72.19821243939748, "HasAns_total": 5928, "NoAns_exact": 79.2094196804037, "NoAns_f1": 79.2094196804037, "NoAns_total": 5945}