{"exact": 59.81639012886381, "f1": 62.736492048323704, "total": 11873, "HasAns_exact": 34.75033738191633, "HasAns_f1": 40.59891533227862, "HasAns_total": 5928, "NoAns_exact": 84.8107653490328, "NoAns_f1": 84.8107653490328, "NoAns_total": 5945}