{"exact": 72.00370588730733, "f1": 76.69642387782365, "total": 11873, "HasAns_exact": 65.43522267206478, "HasAns_f1": 74.83411617769926, "HasAns_total": 5928, "NoAns_exact": 78.5534062237174, "NoAns_f1": 78.5534062237174, "NoAns_total": 5945}