{"exact": 59.13416996546787, "f1": 61.643499397204344, "total": 11873, "HasAns_exact": 33.04655870445344, "HasAns_f1": 38.07241368809163, "HasAns_total": 5928, "NoAns_exact": 85.14718250630783, "NoAns_f1": 85.14718250630783, "NoAns_total": 5945}