{"exact": 52.564642466099556, "f1": 54.033372236312275, "total": 11873, "HasAns_exact": 16.869095816464238, "HasAns_f1": 19.810767301237377, "HasAns_total": 5928, "NoAns_exact": 88.15811606391927, "NoAns_f1": 88.15811606391927, "NoAns_total": 5945}