{"exact": 71.86052387770572, "f1": 76.62229599559925, "total": 11873, "HasAns_exact": 64.87854251012146, "HasAns_f1": 74.41574230022785, "HasAns_total": 5928, "NoAns_exact": 78.82253994953743, "NoAns_f1": 78.82253994953743, "NoAns_total": 5945}