{"exact": 59.74058788848648, "f1": 62.50605428004039, "total": 11873, "HasAns_exact": 35.32388663967611, "HasAns_f1": 40.86275007876512, "HasAns_total": 5928, "NoAns_exact": 84.0874684608915, "NoAns_f1": 84.0874684608915, "NoAns_total": 5945}