{"exact": 53.71009854291249, "f1": 55.53992909919946, "total": 11873, "HasAns_exact": 22.41902834008097, "HasAns_f1": 26.083936942441806, "HasAns_total": 5928, "NoAns_exact": 84.9116904962153, "NoAns_f1": 84.9116904962153, "NoAns_total": 5945}