{"exact": 61.63564389791965, "f1": 64.72758811787999, "total": 11873, "HasAns_exact": 39.08569500674764, "HasAns_f1": 45.27845035823023, "HasAns_total": 5928, "NoAns_exact": 84.12111017661901, "NoAns_f1": 84.12111017661901, "NoAns_total": 5945}