{"exact": 71.79314410848143, "f1": 76.42442556071289, "total": 11873, "HasAns_exact": 64.37246963562752, "HasAns_f1": 73.64831388028756, "HasAns_total": 5928, "NoAns_exact": 79.19259882253995, "NoAns_f1": 79.19259882253995, "NoAns_total": 5945}