{"exact": 61.37454729217552, "f1": 64.32628597539161, "total": 11873, "HasAns_exact": 39.743589743589745, "HasAns_f1": 45.65553194767611, "HasAns_total": 5928, "NoAns_exact": 82.94365012615643, "NoAns_f1": 82.94365012615643, "NoAns_total": 5945}