{"exact": 62.68845279204919, "f1": 66.25060615400643, "total": 11873, "HasAns_exact": 44.45006747638327, "HasAns_f1": 51.5845895523815, "HasAns_total": 5928, "NoAns_exact": 80.87468460891506, "NoAns_f1": 80.87468460891506, "NoAns_total": 5945}