{"exact": 72.26480249305146, "f1": 76.74626372928981, "total": 11873, "HasAns_exact": 64.77732793522267, "HasAns_f1": 73.75310210152804, "HasAns_total": 5928, "NoAns_exact": 79.73086627417999, "NoAns_f1": 79.73086627417999, "NoAns_total": 5945}