{"exact": 71.92790364693, "f1": 76.49997941481658, "total": 11873, "HasAns_exact": 65.16531713900135, "HasAns_f1": 74.32258022809009, "HasAns_total": 5928, "NoAns_exact": 78.67115222876367, "NoAns_f1": 78.67115222876367, "NoAns_total": 5945}