{"exact": 53.558494062157834, "f1": 55.11697954943309, "total": 11873, "HasAns_exact": 18.690958164642375, "HasAns_f1": 21.812398480165093, "HasAns_total": 5928, "NoAns_exact": 88.32632464255677, "NoAns_f1": 88.32632464255677, "NoAns_total": 5945}