{"exact": 61.761980965215194, "f1": 64.72915092415197, "total": 11873, "HasAns_exact": 40.300269905533064, "HasAns_f1": 46.24311891404446, "HasAns_total": 5928, "NoAns_exact": 83.16232127838519, "NoAns_f1": 83.16232127838519, "NoAns_total": 5945}