{"exact": 48.46289901457087, "f1": 49.12459657200323, "total": 11873, "HasAns_exact": 5.600539811066127, "HasAns_f1": 6.925832506645456, "HasAns_total": 5928, "NoAns_exact": 91.2026913372582, "NoAns_f1": 91.2026913372582, "NoAns_total": 5945}