{"exact": 66.75650635896572, "f1": 70.27213425748067, "total": 11873, "HasAns_exact": 53.64372469635627, "HasAns_f1": 60.68506242224464, "HasAns_total": 5928, "NoAns_exact": 79.8317914213625, "NoAns_f1": 79.8317914213625, "NoAns_total": 5945}