{"exact": 72.45009685841826, "f1": 76.5168099217747, "total": 11873, "HasAns_exact": 61.50472334682861, "HasAns_f1": 69.64981177483678, "HasAns_total": 5928, "NoAns_exact": 83.36417157275021, "NoAns_f1": 83.36417157275021, "NoAns_total": 5945}