{"exact": 59.4205339846711, "f1": 62.49654920566462, "total": 11873, "HasAns_exact": 36.38663967611336, "HasAns_f1": 42.547491349334585, "HasAns_total": 5928, "NoAns_exact": 82.38856181665265, "NoAns_f1": 82.38856181665265, "NoAns_total": 5945}