{"exact": 66.43645245515035, "f1": 70.238006535235, "total": 11873, "HasAns_exact": 54.402834008097166, "HasAns_f1": 62.016844060870966, "HasAns_total": 5928, "NoAns_exact": 78.43566021867115, "NoAns_f1": 78.43566021867115, "NoAns_total": 5945}