{"exact": 61.071338330666215, "f1": 63.868179648073884, "total": 11873, "HasAns_exact": 38.006072874493924, "HasAns_f1": 43.60777614061759, "HasAns_total": 5928, "NoAns_exact": 84.07064760302775, "NoAns_f1": 84.07064760302775, "NoAns_total": 5945}