{"exact": 71.07723406047334, "f1": 75.57606134692976, "total": 11873, "HasAns_exact": 64.40620782726046, "HasAns_f1": 73.41676389542818, "HasAns_total": 5928, "NoAns_exact": 77.7291841883936, "NoAns_f1": 77.7291841883936, "NoAns_total": 5945}